구분,시나리오 넘버,대사 넘버,배경,캐릭터 한글,캐릭터 영문,캐릭터 번자,표정,대사 한글,대사 영문,대사 번자,연출 종류,사운드
,10,1,던전 지역 배경,,,,0,고룡의 무덤에서 어떠한 것도 찾을 수 없었다.,We couldn't find anything at Bone Yard.,在古龍的墓地中，什麼也沒能找到。,,
,10,2,던전 지역 배경,누리,Nuri,諾莉,3,검은로브랑 고대드래곤이 없네?,There's no black robe or ancient dragon.,黑袍和古代神龍都不見了？,,
,10,3,던전 지역 배경,즈믄,Zimon,茲門,6,방심하지마. 어딘가에서 갑자기 나타날수도 있어.,Stay focused. They could show up.,別掉以輕心。它們搞不好會突然出現。,,
,10,4,던전 지역 배경,주인공,Player,Player,0,혹시 모르니까 설치 못한 센서장치를 설치하자.,Let's install the sensor just in case.,為了以防萬一，還是裝一下沒裝上去的感應裝置吧。,,
,11,1,던전 지역 배경,,,,0,고룡의 무덤에 센서 장치를 설치하고 작동시켰다.,We installed and activated the sensor.,我們在古龍的墓地安裝了感應裝置並啟動了它。,,
,11,2,던전 지역 배경,누리,Nuri,諾莉,2,음…..,Um...,恩....,,
,11,3,던전 지역 배경,주인공,Player,Player,0,무슨 일 있어?,Is there something wrong?,有甚麼事嗎?,,
,11,4,던전 지역 배경,누리,Nuri,諾莉,2,문득 든 생각인데 검은로브의 사도들은 제사를 지내거나 의식을 치른다고 했잖아?,"I just thought, pristess said that black robes hold rituals, right?",我突然想到，黑袍的使徒們不是會舉行祭祀或儀式嗎？,,
,11,5,던전 지역 배경,주인공,Player,Player,0,"맞아, 그랬지.","Yeah, that's what they said.",诶，對诶。,,
,11,6,던전 지역 배경,누리,Nuri,諾莉,2,그러면 이쪽이 아니라 제단이 있는 곳 부터 찾아보는건 어때?,"Then why don't we look for the altar first, not hear?",那麼，不如從有祭壇的地方開始找找看怎麼樣？,,
,11,7,던전 지역 배경,즈믄,Zimon,茲門,6,에엑? 말도 안돼…,Huh? That's ridiculous.,欸？你怎麼…,,
,11,8,던전 지역 배경,누리,Nuri,諾莉,2,응? 뭐가 말이 안되는거야?,What? What's ridiculous?,嗯？有什麼不合理的嗎？,,
,11,9,던전 지역 배경,즈믄,Zimon,茲門,6,"아니, 너의 머리에서 어떻게 그런 생각을..",How could you think of that in your head?,怎麼會從你的腦袋裡想到這種點子…？,,
,11,10,던전 지역 배경,즈믄,Zimon,茲門,7,누리 너도 점점 성장을 하는구나!,"Nuri, you're growing up!",諾莉，你也在不斷成長啊！,,
,11,11,던전 지역 배경,누리,Nuri,諾莉,4,이 성장판 닫힌 드래곤이 뭐라는거야!,"What are you talking about, you cheeky little dragon?",你這停止成長的龍到底在胡說甚麼?,,
,11,12,던전 지역 배경,,,,0,갑자기 투닥거리며 싸우는 누리와 즈믄.,Nuri and Zimon suddenly quarreling.,突然開始互相爭吵的諾莉和吉蒙。,,
,11,13,던전 지역 배경,,,,0,고대 드래곤이 보이지 않자 누리의 긴장이 풀린 것 같다.,Nuri seems to have relaxed because the ancient dragon didn't show up.,看不到古代神龍，似乎讓諾莉的緊張感放鬆了。,,
,11,14,던전 지역 배경,,,,0,분명 즈믄은 이를 놓치지 않고 장난을 친 것이다.,"In my opinion, Zimon didn't miss this timing",一定是吉蒙沒放過這個機會，開始開玩笑了。,,
,11,15,던전 지역 배경,주인공,Player,Player,0,그만 그만. 일단 어둠의 제단으로 가자.,Stop stop . Let's go to the Dark Altar.,夠了夠了，先去黑暗的祭壇吧。,,
,12,1,던전 지역 배경,,,,0,몬스터들이 어떤 의식을 치르고 있는 걸 목격했다.,We saw the monsters performing some rituals.,我們目擊到怪物們正在進行某種儀式。,,
,12,2,던전 지역 배경,누리,Nuri,諾莉,2,몬스터들이 의식을 치르는 건 처음 보는데..?,I've never seen monsters perform a ritual before.,第一次看到怪物們在進行儀式呢？,,
,12,3,던전 지역 배경,즈믄,Zimon,茲門,6,뭔가 불길한데...,Something's ominous.,感覺有點不祥…,,
,12,4,던전 지역 배경,누리,Nuri,諾莉,3,뭐하는지 한번 물어보지 뭐~,Let's ask them what they do!,不如問問它們在做什麼吧~,,
,12,5,던전 지역 배경,즈믄,Zimon,茲門,8,누리 잠깐 기다려!,Nuri! STOP!,諾莉，等一下！,,
,12,6,던전 지역 배경,,,,0,누리는 말릴 새도 없이 몬스터에게 다가갔다.,Nuri walked to the monsters with no time to stop her.,諾莉在我還沒來得及阻止的時候，已經走近怪物了。,,
,13,1,던전 지역 배경,누리,Nuri,諾莉,4,대체 여기서 무슨 일을 꾸미고 있는거야?,What are you guys doing here?,到底在這裡搞什麼鬼？,,
,13,2,던전 지역 배경,카이저데몬,Kaiser Demon,凱澤魔鬼,102,….,….,….,,
,13,3,던전 지역 배경,주인공,Player,Player,0,검은로브를 입은 자들이 찾아온 적 있어?,Have you ever seen people in black robes?,曾經有穿著黑袍的人來過嗎？,,
,13,4,던전 지역 배경,,,,0,내가 물어보자 카이저데몬은 기분 나쁜 소리로 웃으며 대답했다.,"When I asked, Kaiser Demon replied with a nasty laugh.",我一問，凱澤魔鬼帶著不悅的笑聲回答了。,,
,13,5,던전 지역 배경,카이저데몬,Kaiser Demon,凱澤魔鬼,102,키킥.. 그자를 얘기하는건가..키킥,Are you talking about him? krrrr,嘻嘻... 是在說那個人嗎... 嘻嘻,,
,13,6,던전 지역 배경,누리,Nuri,諾莉,4,야! 왜 내 말은 무시하는건데!,Hey! Why are you ignoring me?,嘿！為什麼忽視我的話！,,
,13,7,던전 지역 배경,카이저데몬,Kaiser Demon,凱澤魔鬼,102,키키킥. 그자가 누구인지 중요해? 의식이 끝났다는게 중요하지? 키킥,Kick kick. Does it matter who he is? It's important that the ritual is over!,嘻嘻嘻。那個人是誰重要嗎，儀式結束才是最重要的吧？嘻嘻,,
,13,8,던전 지역 배경,주인공,Player,Player,0,의식이 끝나…?,What?,儀式結束了…？,,stop
,13,9,던전 지역 배경,,,,0,내 의문이 풀리기도 전에 땅이 크게 흔들렸다.,The ground shook hard even before my question was solved.,在我還沒解開疑問之前，土地劇烈地震動了。,7,
,13,10,던전 지역 배경,,,,0,그 순간 이질적인 기운을 느껴 그쪽을 바라봤다.,"At that moment, I felt a disparate energy and looked at you.",就在那一刻，我感覺到一股異樣的氣息，轉頭朝那邊看去。,,BGM/Sky_mine.mp3
,13,11,시즌6컷신6,,,,0,내 시선 끝에는 다른 공간과 연결되는 구멍이 있었고,There was a hole at the end of my eye that connected to another space.,在我的視線盡頭，有一個與其他空間相連的洞口。,1,
,13,12,시즌6컷신6,,,,0,그 구멍을 통해 처음 보는 몬스터가 넘어왔다.,And monsters that I've never seen before came over through the hole.,透過那個洞口，一隻我從未見過的怪物爬了出來。,,
,13,13,시즌6컷신6,누리,Nuri,諾莉,5,저..저것들은 뭐야?,What is that?,那...那是什麼？,,
,13,14,시즌6컷신6,카이저데몬,Kaiser Demon,凱澤魔鬼,102,다이어울프라 불리는 놈들이지~ 키키킥.,They're called Dire wolf.,那是被叫做「恐狼」的傢伙們~ 嘻嘻嘻。,,
,13,15,시즌6컷신6,주인공,Player,Player,0,[다이어울프? 언뜻 보기에도 늑대 같이 생기긴 했는데 왠지 위험해 보여.],"[ Dire wolf? they look like wolves at first glance, but somehow they look dangerous.]",[恐狼？乍看之下確實像是狼，但看起來有點危險。],,
,13,16,시즌6컷신6,즈믄,Zimon,茲門,8,(주인공)! 주변 장치들을 파괴해서 못나오게 막아!,(주인공)! Destroy the devices around it to stop them!,(주인공)！摧毀周圍的裝置，阻止它們出來！,,
,13,17,시즌6컷신6,주인공,Player,Player,0,아..알았어!,"Oh, I will!",啊..知道了！,,
,14,1,던전 지역 배경,,,,0,주변 장치를 모두 파괴하자 구멍이 사라졌다.,"When all the surrounding devices were destroyed, the hole disappeared.",摧毀了周圍的裝置後，洞口消失了。,,
,14,2,던전 지역 배경,누리,Nuri,諾莉,2,이런.. 이미 몇 마리 빠져나갔는데?,"Oh, no. we've lost a few.",糟糕... 已經有幾隻逃出去了？,,
,14,3,던전 지역 배경,즈믄,Zimon,茲門,8,"마을쪽으로 가는걸 봤어, 빨리 쫓아가자!","I saw them heading toward village, let's go after them!",我看到它們朝村莊那邊去了，快點追上去！,,
,14,4,던전 지역 배경,카이저데몬,Kaiser Demon,凱澤魔鬼,102,"키키킥, 이미 늦었다. 곧 고대의 힘이 부활할 것이니까! 키키킥.","Kick, it's too late. Soon the ancient power will be restored! Kick, kick.",嘻嘻嘻，已經來不及了。很快古代的力量就會復甦！嘻嘻嘻。,,
,14,5,던전 지역 배경,,,,0,카이저데몬은 알 수 없는 말을 남기곤 어둠의 제단 밑으로 도망쳤다.,"Kaiser Demon fled under the altar, leaving an unknown word.",凱澤魔鬼留下一句不明的話後，便逃入了黑暗祭壇下方。,,
,14,6,던전 지역 배경,누리,Nuri,諾莉,2,고대의 힘이라니.. 그게 무슨..,Ancient power? What the...,古代的力量…那是什麼…,,
,14,7,던전 지역 배경,즈믄,Zimon,茲門,8,그보다 마을 사람들이 위험해!,People are more dangerous than that!,沒時間聊了，村民現在很危險啊!,,
,15,1,마을 배경,,,,0,마을은 평온했다.,The village was at peace.,村莊一片平靜。,,
,15,2,마을 배경,,,,0,다이어울프가 오지 않은 것 같다.,I don't think Dire wolves have come.,看來恐狼還沒有來。,,
,15,3,마을 배경,누리,Nuri,諾莉,3,휴~ 다행히 아무일도 없어보여.,"Phew~ Fortunately, nothing seems to have happened.",咻~ 看來什麼事也沒有發生。,,
,15,4,마을 배경,주인공,Player,Player,0,[그럼 대체 다이어울프들은 어디로 간거지?],[So where the hell did the wolf go?],[那麼究竟恐狼們去哪裡了呢？],,
,15,5,마을 배경,,,,0,생각에 잠겨 있을 때 넬슨이 숨을 헐떡이며 우리 앞에 나타났다.,"While thinking, Nelson appeared in front of us gasping for breath.",當我陷入沉思時，尼爾森氣喘吁吁地出現在我們面前。,,
,15,6,마을 배경,넬슨,Nelsen,內爾森,13,헉..헉.. 혹시 우리 아리아 본 적 없어?,Have you ever seen my daughter?!,嘿..嘿.. 你有看到艾莉亞嗎？,,
,15,7,마을 배경,넬슨,Nelsen,內爾森,13,돌아올 시간이 됐는데 아직 돌아오지 않았어..,"It's time for her to come back, but she hasn't returned yet.",時間已經差不多了，但她還是還沒回來...,,
,15,8,마을 배경,누리,Nuri,諾莉,2,어디로 갔는데요?,Where did she go?,她去哪裡了？,,
,15,9,마을 배경,넬슨,Nelsen,內爾森,13,잠깐 나갔다 오겠다고만 했는데 어디로 갔는진 모르겠어.,"She said she would go out for a while, but I don't know where she went.",他只有說他稍微出去一下，並沒有準確跟我說要去哪裡。,,
,15,10,마을 배경,즈믄,Zimon,茲門,6,마을에서 본 사람이 있을거야. 일단 목격자를 찾아보자.,I think there's someone in the village who's seen her. Let's find a witness.,在村子裡應該有人見過她。我們先找找目擊者吧。,,
,16,1,월드 배경,누리,Nuri,諾莉,2,혹시 아리아가 어디로 갔는지 보셨어요?,Did you see where Aria went?,您有看到艾莉亞去哪裡了嗎？,,
,16,2,월드 배경,할아버지,Senior,商店老人,103,아리아는.. 오늘 본 적이 없구나. 다른 사람에게도 물어보렴.,Aria... I haven't seen her today. Ask someone else.,艾莉亞...今天沒有見過她。你可以問問其他人。,,
,16,3,월드 배경,주인공,Player,Player,0,[여기서 본 사람은 없는 것 같다. 점술집에 가보자],[I don't think anyone has seen her here. Let's go to the spirit lodge],[這裡似乎沒有人見過她。我們去占卜店看看吧。],,
,17,1,점술집 배경,누리,Nuri,諾莉,2,언니. 혹시 아리아가 어디로 갔는지 보셨어요?,Did you see where Aria went?,姐姐，妳有看到艾莉亞去哪裡了嗎？,,
,17,2,점술집 배경,유리아,Yulia,尤里亞,104,아리아라면 아까 하늘의 신전으로 가는걸 봤어요.,I saw Aria go to Sky Temple earlier.,如果是艾莉亞的話，我剛才看到她朝著天空神殿的方向走去了。,,
,17,3,점술집 배경,누리,Nuri,諾莉,2,언제요?,When?,什麼時候?,,
,17,4,점술집 배경,유리아,Yulia,尤里亞,104,흠..시간이 꽤 지난것 같은데…,Hmm.. I think it's been a while...,嗯…似乎已經過了不少時間了…,,
,17,5,점술집 배경,즈믄,Zimon,茲門,6,그 늑대들이 데려간거 아냐?],Didn't those wolves take her?,難道是那些狼把她帶走了嗎？,,
,17,6,점술집 배경,,,,0,아리아가 걱정되기 시작했다. 서둘러 하늘의 신전으로 향했다.,We are beginning to worry about Aria and hurried to Sky Temple,開始擔心起艾莉亞來了。我急忙朝天空神殿走去。,,
,18,1,하늘의 신전 배경,,,,0,하늘의 신전을 둘러보아도 아리아를 찾을 수 없었다.,We looked around the Sky Temple but couldn't find Aria.,即使四處搜尋天空神殿，也找不到艾莉亞。,,
,18,2,하늘의 신전 배경,누리,Nuri,諾莉,5,어떡해? 여긴 아리아가 없는 것 같아.,What should we do? I don't think Aria is here.,怎麼辦？這裡好像沒有艾莉亞。,,
,18,3,하늘의 신전 배경,즈믄,Zimon,茲門,6,제우스 주니어라면 알고 있을 지도 몰라.,Zeus Jr. might know.,或許宙斯 Jr.可能知道。,,
,18,4,하늘의 신전 배경,즈믄,Zimon,茲門,6,하늘의 신전으로 들어오는 자들을 계속 주시하고 있잖아.,He keeps an eye on those who enter the Sky Temple.,他一直在盯著進入天空神殿的人。,,
,19,1,하늘의 신전 배경,누리,Nuri,諾莉,2,아리아라는 소녀를 봤어?,Did you see a girl named Aria?,請問您有看到一個叫艾莉亞的女孩嗎？,,
,19,2,하늘의 신전 배경,,,,0,제우스주니어는 커다란 늑대들이 불의 산으로 잡아가는 걸 봤다고 말한다.,Zeus Jr. says he saw a big wolf take a girl to Fire Mt.,宙斯 Jr.說他看到那些巨大的狼把艾莉亞帶往火焰山。,,
,19,3,하늘의 신전 배경,주인공,Player,Player,0,다이어울프가 잡아간게 틀림없어!,They kidnapped her!,一定是恐狼把她抓走了！,,
,19,4,하늘의 신전 배경,누리,Nuri,諾莉,5,아리아가 위험해!,Aria is in danger!,艾莉亞有危險！,,
,19,5,하늘의 신전 배경,,,,0,우리는 아리아를 구하기 위해 서둘러 불의 산으로 달려갔다.,We rushed to the Fire Mt. to save Aria.,我們為了救艾莉亞，急忙奔向火焰山。,,
,20,1,불의 산 배경,,,,0,드디어 아리아를 찾았다.,We found Aria.,終於找到了艾莉亞。,,BGM_War.mp3
,20,2,불의 산 배경,,,,0,아리아는 다이어울프 3마리 사이에 기절해 있었다.,She had fainted among the three wolves.,艾莉亞倒在三隻恐狼之間，已經昏迷不醒。,,
,20,3,불의 산 배경,누리,Nuri,諾莉,2,저기 아리아가 있어!,There she is!,是艾莉亞！,,
,20,4,불의 산 배경,즈믄,Zimon,茲門,8,주변에 다이어울프들이 있으니 조심해!,Watch out the wolves!,周圍有恐狼，小心點！,,
,21,1,불의 산 배경,,,,0,다이어울프는 힘겨워하며 다른 차원으로 도망쳤다.,"Dire wolf fled to another dimension, struggling.",恐狼們在掙扎中逃向了另一個維度。,,BGM_War.mp3
,21,2,불의 산 배경,누리,Nuri,諾莉,2,좋아! 잘했어 (주인공)!,"Good! Good job, (주인공)!",很好！做得好！(주인공),,
,21,3,불의 산 배경,즈믄,Zimon,茲門,8,조심해! 아직 2마리가 더 있어!,Watch out! There are still two more!,小心！那裏還有兩隻！,,
,22,1,불의 산 배경,주인공,Player,Player,0,아리아!,Aria!,艾莉亞!,,
,22,2,불의 산 배경,,,,0,다이어울프 3마리 모두 쫓아내고 아리아를 구했다.,We drove all three of the Dire wolves out and saved Aria.,我們把三隻恐狼都趕走了，成功救回了艾莉亞。,,
,22,3,불의 산 배경,,,,0,겉으로 보기에는 별 다른 상처는 없었다.,She didn't look hurt.,從外表看來，她似乎沒有什麼嚴重的傷口。,,
,22,4,불의 산 배경,,,,0,그래도 상태를 보기 위해 아리아를 깨웠다.,But I woke Aria up to see her condition.,儘管如此，為了檢查她的狀況，我還是把艾莉亞叫醒了。,,
,22,5,불의 산 배경,누리,Nuri,諾莉,2,아리아 괜찮아?,Are you okay?,艾莉亞，你還好嗎？,,
,22,6,불의 산 배경,아리아,Aria,艾莉亞,15,"네, 저는 괜찮아요.","Yes, I'm fine.",我沒事，謝謝你。,,
,22,7,불의 산 배경,주인공,Player,Player,0,어떻게 된 일이야?,What happened to you?,到底發生了什麼事呢？,,
,22,8,불의 산 배경,아리아,Aria,艾莉亞,15,하늘의 신전에서 약초를 캐고 집으로 돌아오려는데,"I was going to come back home after digging up herbs from the temple, ",我在天空神殿採草藥後，正準備回家的時候，,,
,22,9,불의 산 배경,아리아,Aria,艾莉亞,15,늑대들이 절 데리고 이곳으로 왔어요.,but the wolves brought me here.,突然被狼帶到了這裡。,,
,22,10,불의 산 배경,아리아,Aria,艾莉亞,15,이곳에 도착한 후 늑대들은 울부짖기 시작했고…,"After arriving here, the wolves began to howl...",到達這裡後，那些狼開始嚎叫...,,
,22,11,불의 산 배경,아리아,Aria,艾莉亞,17,...그 후론 기억이 나지 않아요.,...I don't remember after that.,...之後我就什麼也不記得了。,,
,22,12,불의 산 배경,즈믄,Zimon,茲門,6,다이어울프가 왜 아리아를 잡아온건지 알 수가 없네.,Why did the wolves kidnap her?,我們無法知道為什麼恐狼會抓艾莉亞過來。,,
,22,13,불의 산 배경,즈믄,Zimon,茲門,6,여긴 3마리 밖에 없으니 다른 다이어울프를 찾아내면 알 수 있을거야.,"There's only three here, so we'll find other wolves and we'll find out.",這裡只有三隻，如果找到其他的恐狼，恐怕就能知道真相了。,,
,22,14,불의 산 배경,주인공,Player,Player,0,일단 마을로 돌아가자!,Let's go back to the village!,先回村莊吧！,,
,22,15,불의 산 배경,누리,Nuri,諾莉,2,맞아! 아리아부터 안전하게 데려다줘야지.,That's right! We'll take Aria home safely first.,對！我們得先把艾莉亞安全送回去。,,
,23,1,마을 배경,,,,0,우린 넬슨에게 아리아를 무사히 데려다주고 헤어졌다.,We took Aria safely to Nelson and parted.,我們把艾莉亞平安送回給尼爾森後，便各自分開了。,,
,23,2,마을 배경,,,,0,마을에 빛의 사제들이 찾아와 있었기 때문이었다.,It was because the priests were visiting the village.,那是因為光之祭司們來到了村子裡了。,,
,23,3,마을 배경,누리,Nuri,諾莉,2,어? 빛의 사제님들이 여긴 어떻게 오신거에요?,Oh? How did the you get here?,啊？光之祭司們怎麼會來這裡呢？,,
,23,4,마을 배경,요셉,Joseph,約瑟,98,베로니카님이 깨어나신 후 하늘왕국부터 모험지역까지 센서장치를 설치하다가 마을에 도착한겁니다.,We arrived here after Veronica woke up and installed sensors from Sky realm to Adventure.,在貝羅尼卡大人醒來後，她從蒼空帝國到冒險區安裝感應裝置，最後來到了這個村莊。,,
,23,5,마을 배경,베로니카,Veronica,貝羅尼卡,94,혹시 검은로브의 사도와 관련되서 알아내신게 있으신가요?,Did you find out anything about the black robe?,請問光之祭司們有沒有發現與黑袍使徒有關的事情呢？,,
,23,6,마을 배경,,,,0,우린 그동안 있었던 일들에 대해 이야기 했다.,We told them about what had happened.,我們聊起了這段時間發生的種種事情。,,
,23,7,마을 배경,베로니카,Veronica,貝羅尼卡,94,다이어울프와 고대의 힘에 부활...,Dire wolves and resurrection of ancient powers...,恐狼和古代的力量復活...,,
,23,8,마을 배경,요셉,Joseph,約瑟,98,근데 다른 다이어울프들은 어디로 갔을까요?,But where did the other wolves go?,那麼，其他的恐狼們到底去哪裡了呢？,,
,23,9,마을 배경,베로니카,Veronica,貝羅尼卡,94,일단 불의 산 주변에 남아있을지도 모르니 돌아보면서 찾아보죠.,"Wolves may be left in Fire Mt, so let's search near the mountain.",或許它們還留在火焰山附近，我們邊走邊找找看吧。,,
,24,1,희망의 숲 배경,요셉,Joseph,約瑟,98,숲 쪽으로는 오지 않은 것 같아요.,I don't think they came towards the forest.,它們似乎沒有來森林區域。,,
,24,2,희망의 숲 배경,누리,Nuri,諾莉,2,난파선으로 가봐요.,Let's go to the Wrecked Ship.,我們去那艘船骸看看吧。,,
,25,1,난파선 배경,,,,0,난파선 어디에서도 다이어울프의 발자국조차 발견되지 않았다.,No footprints of Dire wolf were found anywhere at the Wrecked Ship.,在船骸的任何地方，我們都沒有發現恐狼的任何足跡。,,
,25,1,난파선 배경,,,,0,우리는 난파선을 지나 바람의 신전으로 향했다.,We passed the Wrecked ship and headed for the Wind Temple.,我們穿過船骸，朝風之神殿走去。,,
,26,1,바람의 신전 배경,누리,Nuri,諾莉,2,왠지 탐험지역에는 없을 것 같은데요?,I don't think they are in the Adventure.,我覺得它們可能不在冒險區域呢。,,
,26,1,바람의 신전 배경,즈믄,Zimon,茲門,6,아직 무지개 동산이 남아있어.,There's still Rainbow left.,還有彩虹樂園沒去過呢。,,
,26,1,바람의 신전 배경,베로니카,Veronica,貝羅尼卡,94,확인 하는게 좋겠어요.,We had better check it out.,確實，還是去確認一下比較好。,,
,27,1,무지개 동산 배경,요셉,Joseph,約瑟,98,아무래도 탐험지역에는 없는 것 같군요.,It really doesn't seem to be in the Adventure.,看來它們應該不在冒險區域內呢。,,
,27,2,무지개 동산 배경,누리,Nuri,諾莉,2,혹시 꿈의 틈새로 들어간건 아닐까요?,Maybe they went into World of dreams?,難道它們進入夢境縫隙了嗎？,,
,27,3,무지개 동산 배경,즈믄,Zimon,茲門,6,확인은 해보자.,Let's check it out.,我們去確認一下吧。,,
,28,1,꿈의 마당 배경,누리,Nuri,諾莉,2,여긴 없는 것 같아.,I don't think they're here.,看來這裡也沒有。,,
,29,1,꿈의 잔재 배경,즈믄,Zimon,茲門,6,여기에도 없어.,"Not here, too.",這裡也沒有。,,
,29,2,꿈의 잔재 배경,주인공,Player,Player,0,남은 곳은 몽환의 탑인가? 가보자.,What about the Tower of Dreams?,剩下的地方應該是夢幻之塔吧？我們去看看。,,
,30,1,몽환의 탑 배경,,,,0,꿈의 세계에서 다이어울프를 수색했지만,We searched the Dire wolf in the World of Dreams.,在夢的世界裡搜尋了恐狼,,
,30,2,몽환의 탑 배경,,,,0,아무것도 발견하지 못했다.,but can't find anything.,但什麼也沒有發現。,,
,30,3,몽환의 탑 배경,즈믄,Zimon,茲門,6,너무 과한 추측이었나봐.,I guess it was too much speculation.,也許我們推測有些過頭了。,,
,30,4,몽환의 탑 배경,주인공,Player,Player,0,[설마 아르하까지 간 건 아니겠지?],"[Don't tell me they didn't go all the way to Archa, did they?]",[難道它們真的去了阿爾哈嗎？],,
,30,5,몽환의 탑 배경,누리,Nuri,諾莉,2,다시 던전으로 돌아간 거 아닐까?,Maybe they're back to the Dungeon.,難道它們是回到地城了嗎？,,
,30,6,몽환의 탑 배경,베로니카,Veronica,貝羅尼卡,94,다이어울프들은 던전지역에서 나타났다고 했었죠?,"You said the wolves showed up in the Dungeon, right?",恐狼們是出現在地牢區域的，對吧?,,
,30,7,몽환의 탑 배경,즈믄,Zimon,茲門,6,"응, 거기서 전부 마을쪽으로 향해 가는걸 봤어.","Yeah, I saw them all heading towards village.",嗯，我看到它們全部朝著村莊的方向走去。,,
,30,8,몽환의 탑 배경,베로니카,Veronica,貝羅尼卡,94,그럼 분명 마을 이후 지역에 목적이 있을 거에요.,Then there must be their purpose in the area after the village.,那麼它們一定在村莊以後的區域有某個目的地。,,
,30,9,몽환의 탑 배경,누리,Nuri,諾莉,2,남은 곳은 에스텔라랑 하늘왕국인데 설마 그 늑대들이 바닷속을 간 건 아니겠지?,"The rest of the area is Estella and Sky realm, but they didn't go underwater, did they?",剩下的地方是艾絲黛拉神殿和蒼空帝國，那些狼應該不會是去海底了吧？,,
,30,10,몽환의 탑 배경,즈믄,Zimon,茲門,6,우리도 가는데 다이어울프라고 못 갈리 없잖아.,"We can go, so the wolf can go.",我們都要去了，恐狼不可能沒辦法去吧。,,
,30,11,몽환의 탑 배경,주인공,Player,Player,0,어쩔 수 없네. 에스텔라 지역에 먼저 확인하러 가자.,I can't help it. Let's go check Estella first.,沒辦法了，那我們先去艾絲黛拉地區確認一下吧。,,
,31,1,별빛의 산호초 배경,,,,0,여기는 문제가 없는 것 같다.,I don't think there's any problem here.,這裡看起來應該沒什麼問題。,,
,31,2,별빛의 산호초 배경,,,,0,고요의 암석터를 가보자.,Let's go to the Carm Lithosphere,那我們去靜謐的岩石洞窟看看吧。,,
,32,1,고요의 암석터 배경,,,,0,다이어울프들이 레오나 여신과 대치 중이다.,The dire wolf is confronting the goddess Leona.,恐狼們正與雷歐娜女神對峙中嗎?,,BGM_War.mp3
,32,2,고요의 암석터 배경,누리,Nuri,諾莉,2,레오나 여신님!,Goddess Leona!,雷歐娜女神！這樣的情況真讓人擔心啊!,,
,32,3,고요의 암석터 배경,레오나,Reona,雷歐娜,22,오지 마세요!,Don't come!,請不要過來！,,
,32,4,고요의 암석터 배경,,,,0,레오나 여신님께 다가가려 하자 다이어울프는 더 사납게 으르렁대기 시작했다.,"When we tried to reach out to the goddess Leona, Dire wolf began to growl more ferociously.",當我試圖接近雷歐娜女神時，恐狼們變得更加兇猛，開始咆哮了。,,
,32,5,고요의 암석터 배경,즈믄,Zimon,茲門,6,함부로 다가가면 레오나 여신님이 위험할 것 같아.,"If we approach her recklessly, she'll be in danger.",萬一隨便靠近，雷歐娜女神可能會陷入危險。,,
,32,6,고요의 암석터 배경,누리,Nuri,諾莉,5,그럼 어떻게 해..,So what do we do?,那該怎麼辦呢...,,
,32,7,고요의 암석터 배경,,,,0,순간 다이어울프가 먼저 공격해오기 시작했다.,"At the moment, Dire wolf began to attack.",突然，恐狼先發制人，開始攻擊了。,,
,33,1,고요의 암석터 배경,주인공,Player,Player,0,"[으윽.. 불의 산에서 만난 울프들이랑 달리, 강하다!]",Ugh! It's stronger than the wolf I met in the mountains!,[呃…和在火山遇到的狼不一樣，這些更強！],,BGM_War.mp3
,33,2,고요의 암석터 배경,주인공,Player,Player,0,[왜지? 똑같은 다이어울프들이고 생긴것도 다를게 없는데..],Why? Isn't it the same wolf?,[為什麼呢？明明是相同的恐狼，外觀也沒什麼不同啊…],,
,33,3,고요의 암석터 배경,누리,Nuri,諾莉,4,(주인공) 조심해!,(주인공)! Watch out!,(주인공) 小心！,,
,33,4,고요의 암석터 배경,,,,0,누리가 생각에 잠겨 있던 날 밀치며 구해준다.,Nuri pushes and saves me when I was lost in thought.,諾莉在陷入沉思的時候，被推開並被救了出來。,,
,33,5,고요의 암석터 배경,즈믄,Zimon,茲門,8,(주인공)! 무슨 생각에 사로 잡혀있는거야? 정신차려!,What are you doing?! Get yourself together!,(주인공)! 你在想什麼啊？快清醒過來！,,
,33,6,고요의 암석터 배경,주인공,Player,Player,0,하늘신전에서 만났던 울프들과 힘이 달라서..,It's different from the wolves I met at the Sky Temple.,和在天空神殿遇到的狼相比，它們的力量完全不同...,,
,33,7,고요의 암석터 배경,베로니카,Veronica,貝羅尼卡,96,혹시..,Maybe...,難道…,,
,33,8,고요의 암석터 배경,,,,0,베로니카가 다이어울프를 유심히 지켜본다.,Veronica watches the Dire wolf closely.,貝羅尼卡仔細地觀察著恐狼。,,
,33,9,고요의 암석터 배경,베로니카,Veronica,貝羅尼卡,94,어쩌면 다이어울프란 몬스터가 물의 속성이기 때문에 이곳에서 더 힘이 강해진걸 수도 있어요.,"Maybe a monster called Dire wolf is a element of water, which makes it stronger here.",也許恐狼是水屬性的怪物，所以在這個地方，它們的力量變得更強了。,,
,33,10,고요의 암석터 배경,베로니카,Veronica,貝羅尼卡,96,땅속성 드래곤이라면 이길 수 있을지도 몰라요!!,"If you're with the Earth element dragon, you might win!",如果是土屬性的龍，或許能打敗它們！,,
,34,1,고요의 암석터 배경,레오나,Reona,雷歐娜,20,감사합니다. 여러분이 아니었다면 큰일날 뻔 했어요.,"Thank you. If it wasn't for you, I would have been in trouble.",謝謝你們。如果不是你們，我真的不知道會怎麼辦。,,
,34,2,고요의 암석터 배경,누리,Nuri,諾莉,4,저것들이 여신님을 왜 찾아온거죠?,Why did they come to see you?,那些恐狼為什麼會來找女神呢？,,
,34,3,고요의 암석터 배경,레오나,Reona,雷歐娜,20,모르겠어요. 갑자기 공격해 와서 경계는 했지만...,I don't know. I was on the alert for a sudden attack.,我也不知道。它們突然發起攻擊，雖然我們一直保持警戒…,,
,34,4,고요의 암석터 배경,레오나,Reona,雷歐娜,20,근데 같이 오신분들은 누구시죠?,"By the way, who are you with?",對了，和你們一起來的那位是誰呢?,,
,34,5,고요의 암석터 배경,누리,Nuri,諾莉,2,이분들은 신성바이델에서 오신 빛의 사제님들이세요.,These are the Priests of Light from the Holy Videl Kingdom.,這些是從神聖拜德爾來的光之祭司們。,,
,34,6,고요의 암석터 배경,베로니카,Veronica,貝羅尼卡,94,처음 뵙겠습니다. 베로니카라고 해요.,It's a great pleasure to meet you. My name is Veronica.,初次見面，我是貝羅尼卡。,,
,34,7,고요의 암석터 배경,요셉,Joseph,約瑟,98,전 베로니카님을 보필하는 요셉이라고 합니다.,"I'm Joseph, the assistant of Veronica.",我叫約瑟，是負責輔佐貝羅尼卡的。,,
,34,8,고요의 암석터 배경,레오나,Reona,雷歐娜,20,바이델에서 온 빛의사제라니.. 오랜만에 보네요.,Priest of Light from the kingdom. It's been a while since I saw them.,從拜德爾來的光之祭司啊...真是好久不見啊。,,
,34,9,고요의 암석터 배경,레오나,Reona,雷歐娜,20,어쩐일로 이곳에 오신거에요?,What brings you into coming here?,什麼事情讓你們來到這裡呢?,,
,34,10,고요의 암석터 배경,,,,0,우린 레오나 여신에게 그동안 있었던 일에 대해 이야기 했다.,We talked to the goddess Leona about what had happened.,我們和雷歐娜女神談了這段時間發生的事情。,,
,34,11,고요의 암석터 배경,레오나,Reona,雷歐娜,20,검은로브의 사도 말이군요. 알고 있습니다.,That's the story of the apostle of a black robe. I know them.,是指那位穿黑袍的使徒吧。這個我們知道。,,
,34,12,고요의 암석터 배경,레오나,Reona,雷歐娜,20,그들이라면 오래전 자취를 감췄다고 들었는데..,I heard they disappeared a long time ago.,聽說他們早在很久之前就消失了…,,
,34,13,고요의 암석터 배경,주인공,Player,Player,0,고대의 힘에 대해 뭔가 생각나는게 있으신가요?,Do you have anything in mind about ancient power?,對於古代的力量，有沒有什麼能讓你想起來的事情呢?,,
,34,14,고요의 암석터 배경,레오나,Reona,雷歐娜,20,고대의 힘? 혹시... 그 유물과 관련이 있을 것 같네요.,Ancient power? Maybe... I think it has something to do with the artifact.,古代的力量？難道…和那件遺物有關嗎?,,
,34,15,고요의 암석터 배경,베로니카,Veronica,貝羅尼卡,94,어떤 유물이요?,What kind of artifact?,哪件遺物呢？,,
,34,16,고요의 암석터 배경,레오나,Reona,雷歐娜,20,일단 신전으로 돌아가서 이야기 하죠.,Let's go back to the temple and talk.,那我們先回神殿再談吧。,,
,35,1,신전 에스텔라 배경,,,,0,신전에 도착하자 레오나 여신은 벽면 비밀공간을 열더니 그곳에서 어떤 석판을 꺼냈다.,"When we arrived at the temple, she opened a secret space on the wall and took out a stone tablet.",我們一到神殿，雷歐娜女神便打開了牆壁上的秘密空間，並從中拿出了一塊石板。,,
,35,2,시즌6컷신7,레오나,Reona,雷歐娜,73,이게 바로 그 유물입니다.,This is the artifact.,這就是那件遺物。,1,
,35,3,시즌6컷신7,레오나,Reona,雷歐娜,73,어딘가에 숨겨진 고대 문명에 대한 정보가 적혀있죠.,There's information about the ancient civilization hidden somewhere.,上面寫著一些關於隱藏在某處的古代文明的資訊。,,
,35,4,신전 에스텔라 배경,베로니카,Veronica,貝羅尼卡,94,그렇다면 검은로브의 사도와 고대 문명이 어떤 연관이 있는게 아닐까요?,There may be some connection between apostles and ancient civilization.,那麼，黑袍的使徒與古代文明之間是否存在某種關聯呢？,1,
,35,5,신전 에스텔라 배경,누리,Nuri,諾莉,2,고대 문명이 어떤 곳인데요?,What is the ancient civilization like?,古代文明是什麼樣的地方呢?,,
,35,6,신전 에스텔라 배경,레오나,Reona,雷歐娜,20,그건 언니가 알고 있을거에요.,I'm sure my sister knows that.,這個的話姐姐比較了解。,,
,35,7,신전 에스텔라 배경,누리,Nuri,諾莉,2,루나 왕녀님이요?,Princess Luna?,是指露娜公主嗎?,,
,35,8,신전 에스텔라 배경,베로니카,Veronica,貝羅尼卡,94,그럼 이 유물엔 어떤 정보가 적혀 있는거죠?,So what information does this artifact have?,那麼這塊遺物上寫著什麼樣的資訊呢?,,
,35,9,신전 에스텔라 배경,레오나,Reona,雷歐娜,20,그건 아직 파악하지 못했습니다.,I haven't figured that out yet.,這個我們還沒有完全弄清楚。,,
,35,10,신전 에스텔라 배경,검은로브,Black robe,黑袍,73,그럼 내가 파악해주지.,Then let me do it!,那我來幫忙分析一下吧。,,
,35,11,신전 에스텔라 배경,,,,0,갑자기 나타난 검은로브의 사도는 순식간에 레오나 여신에게서 유물을 빼앗았다.,"Suddenly, the apostle of the black robe took the artifact from the goddess Leona in an instant.",突然出現的黑袍使徒迅速從雷歐娜女神手中奪走了遺物。,,fight1.mp3
,35,12,신전 에스텔라 배경,레오나,Reona,雷歐娜,23,꺄악!,Yipe!,啊啊！,,
,35,13,신전 에스텔라 배경,요셉,Joseph,約瑟,100,검은로브의 사도! 놓치지 않겠다!,Black robe! I will not let you go!,黑袍使徒！我一定不會讓你逃脫的！,,
,35,14,신전 에스텔라 배경,,,,0,요셉은 허리에 찬 무기로 검은로브에게 공격을 가하나 검은로브는 쉽게 피해 버린다.,"Joseph attacks the black robe with a weapon around his waist, but it avoided the attack easily.",約瑟拿出腰間的武器向黑袍使徒發起攻擊，但黑袍使徒輕易閃避了。,,
,35,15,신전 에스텔라 배경,검은로브,Black robe,黑袍,105,다시 만나게 될 테니 너무 아쉬워하지 말거라~크크큭.,Don't be so sad because we'll see each other again.,我們還會再見面的，別太失望哦~ 嘿嘿嘿。,,
,35,16,신전 에스텔라 배경,,,,0,요셉은 또 공격을 가하지만 검은로브는 공격을 흘려버리며 이내 사라져 버렸다.,"Joseph attacked again, but the black robe soon disappeared.",約瑟再次發起攻擊，但黑袍使徒輕輕一閃便將攻擊化解，隨後消失得無影無蹤。,,
,35,17,신전 에스텔라 배경,베로니카,Veronica,貝羅尼卡,96,이렇게 쉽게 유물을 빼앗기다니…,I can't believe it's taken away so easily.,竟然這麼輕易就被奪走了遺物…,,
,35,18,신전 에스텔라 배경,레오나,Reona,雷歐娜,20,검은로브의 사도와 고대 문명이 확실히 연관되어 있어요.,The apostles of the black robe and the ancient civilization are clearly related.,黑袍使徒和古代文明之間肯定有某種關聯。,,
,35,19,신전 에스텔라 배경,레오나,Reona,雷歐娜,20,하늘왕국에도 또 다른 유물이 있습니다! 언니가 위험해요!,"There is another artifact in The Castle, too! My sister might be in danger!",蒼空帝國也有另一件遺物！姐姐會有危險的！,,
,35,20,신전 에스텔라 배경,,,,0,우리는 하늘왕궁으로 서둘러 이동했다.,We hurried to The Castle,我們急忙前往蒼空帝國。,,
,36,1,하늘왕국 왕궁 배경,주인공,Player,Player,0,루...루나 왕녀님!,Princess Luna!,露...露娜公主！,,
,36,2,하늘왕국 왕궁 배경,루나,Luna,露娜,26,시끄럽습니다. 무슨 일이시죠?,What's the matter?,請安靜！怎麼了，有什麼事嗎？,,
,36,3,하늘왕국 왕궁 배경,,,,0,하늘왕국은 평소와 다른점이 없었다. \n아직 검은로브의 사도는 나타나지 않은 것이다.,Sky realm was nothing different than usual. \nThe apostle of the black robe has not yet appeared.,蒼空帝國似乎和往常沒有什麼不同。黑袍使徒還沒有出現。,,
,36,4,하늘왕국 왕궁 배경,,,,0,루나 왕녀에게 심해에서 있었던 이야기를 했다.,I told Princess Luna about what happened in Estella,我向露娜公主講述了在深海中發生的事情。,,
,36,5,하늘왕국 왕궁 배경,루나,Luna,露娜,26,그렇다면 반드시 유물을 찾으러 올 겁니다.,Then he'll definitely come looking for the artifact.,那麼他們一定會來尋找遺物的。,,
,36,6,하늘왕국 왕궁 배경,베로니카,Veronica,貝羅尼卡,94,유물에 대해 아시는게 있으신가요?,Do you know anything about the artifact?,您對那件遺物有什麼了解嗎?,,
,36,7,하늘왕국 왕궁 배경,루나,Luna,露娜,26,그걸 지키는 것 또한 왕가의 의무입니다. 유물에 대한 존재조차 알려져선 안됩니다.,It is also the royal responsibility to keep it and the existence of artifacts should not be known.,守護這件遺物也是王室的責任。遺物的存在甚至不應該被公開透露。,,
,36,8,하늘왕국 왕궁 배경,누리,Nuri,諾莉,2,그게 무슨 말씀이세요?,What do you mean?,這是什麼意思呢?,,
,36,9,하늘왕국 왕궁 배경,,,,0,정적이 흘렀다. \n루나 왕녀가 입을 다문 것이다.,There is a silence. Princess Luna closed her mouth.,靜默流淌。 \n露娜公主閉上了嘴巴。,,stop
,36,10,하늘왕국 왕궁 배경,,,,0,"그것도 잠깐, 다시 입을 열었다.","Just for a while, and she opened her mouth again.",那麼一會兒，她又開口了。,,
,36,11,하늘왕국 왕궁 배경,루나,Luna,露娜,26,...정황상 여러분을 믿고 이야기 해야겠군요.,...I have to trust you and talk to you.,...情況上看來，我應該得相信你們並把事情說出來。,,
,36,12,하늘왕국 왕궁 배경,,,,0,모두 조용히 루나 왕녀의 말에 귀를 기울이기 시작했다.,Everyone began to listen quietly to Princess Luna.,所有人開始靜靜地專心聽露娜公主的話。,,
,36,13,하늘왕국 왕궁 배경,루나,Luna,露娜,26,고대 문명.. 그 곳의 이름은 레무리아라 불리는 곳입니다.,Ancient civilization. It is called Remuria.,古代文明……那個地方的名字是被稱為雷穆利亞的地方。,,col.mp3
,36,14,하늘왕국 왕궁 배경,루나,Luna,露娜,26,세상에 평화를 유지하고 번영시키기 위해 만든 나라였죠.,It was a country built to maintain peace and prosperity in the world.,這是一個為了維持世界和平並促進繁榮而建立的國家。,,
,36,15,하늘왕국 왕궁 배경,루나,Luna,露娜,26,어떤 마도사가 나라를 위해 강력한 힘을 가진 마석을 만들었습니다.,A wizard created a powerful mana stone for the country.,有一位魔法師為了國家的利益，製造了擁有強大力量的魔石。,,
,36,16,하늘왕국 왕궁 배경,루나,Luna,露娜,26,마석의 힘을 통해 나라는 번창했고 평화로웠습니다.,"Through the power of mana stone, the country flourished and was peaceful.",透過這魔石的力量，國家繁榮昌盛，並且和平安定。,,
,36,17,하늘왕국 왕궁 배경,루나,Luna,露娜,26,"그러던 어느날 욕망에 사로잡힌 자들이 나타나기 시작했고,","And then one day, those who were obsessed with desire began to show up.",然而某一天，一些被欲望所支配的人開始出現，,,
,36,18,하늘왕국 왕궁 배경,루나,Luna,露娜,26,강력한 힘을 가진 마석을 악용하기 시작했습니다.,They began to abuse powerful mana stones.,他們開始濫用擁有強大力量的魔石。,,
,36,19,하늘왕국 왕궁 배경,루나,Luna,露娜,26,그것을 두고 볼 수 없던 마도사는 마석을 악용할 수 없도록 레무리아 전체를 봉인했죠.,"The wizard, unable to stand it, sealed the entire Remuria so that it could not be abused.",無法忍受這樣的情況的魔法師，將雷穆利亞整個國家封印了起來，防止魔石被濫用。,,
,36,20,하늘왕국 왕궁 배경,,,,0,문명 전체를 봉인할 정도의 강력한 힘. \n얼마나 강력한 힘인지 상상이 되지 않았다.,Powerful enough to seal the entire civilization. \nI couldn't imagine how powerful it was.,足以封印整個文明的強大力量。 \n根本無法想像那是多麼強大的力量。,,
,36,21,하늘왕국 왕궁 배경,,,,0,루나 왕녀는 계속 이야기를 했다.,Princess Luna kept talking.,露娜公主繼續講述著。,,
,36,22,하늘왕국 왕궁 배경,루나,Luna,露娜,26,봉인 후 마도사는 훗날 누군가가 이 힘을 제대로 사용하길 원했죠.,"After sealing it, the wizard wanted someone to use this power properly later on.",封印後，魔法師希望有一天能夠有人正確地使用這股力量。,,
,36,23,하늘왕국 왕궁 배경,루나,Luna,露娜,26,그래서 세상에 문명에 대한 정보를 유물에 기록하였습니다.,So he recorded information about civilization on the artifact.,於是，他將有關文明的資訊記錄在遺物中，傳遞給後人。,,
,36,24,하늘왕국 왕궁 배경,베로니카,Veronica,貝羅尼卡,94,그럼 그 정보란게 레무리아가 봉인 된 위치인 건가요?,So that information is where Remuria is sealed?,那麼，那些資訊是指雷穆利亞被封印的位置嗎？,,
,36,25,하늘왕국 왕궁 배경,루나,Luna,露娜,26,그래요. 정확하게는 봉인을 푸는 방법에 대해 나와있습니다.,"Yes, exactly how to unseal the seal.",沒錯。準確來說，那些資訊記載了解除封印的方法。,,
,36,26,하늘왕국 왕궁 배경,루나,Luna,露娜,26,그리고 쉽게 알 수 없도록 유물을 3개로 나누었죠.,And he divided the artifact into three pieces so that it's hard to read.,為了讓人不容易發現，魔法師將遺物分成了三個部分。,,
,36,27,하늘왕국 왕궁 배경,요셉,Joseph,約瑟,98,그 3개 중 이미 검은로브가 2개를 모은거군요.,Black robe has already collected 2 artifacts out of those three.,那三個中的兩個，已經被黑袍人收集齊了。,,
,36,28,하늘왕국 왕궁 배경,요셉,Joseph,約瑟,98,고대 문명의 위치를 찾아내면 자신들의 이익을 위해 그 힘을 악용하겠죠.,"If he find the location of an ancient civilization, he will abuse its power for his own.",如果找到了古代文明的位置，他們肯定會為了自己的利益濫用那股力量。,,
,36,29,하늘왕국 왕궁 배경,베로니카,Veronica,貝羅尼卡,94,"이대로 놔둘 순 없습니다. 유물을 지켜야해요, 왕녀님!","I can't leave it as it is. We must protect the artifact, my princess!",我們不能就這樣放任不管。必須保護遺物，公主殿下！,,
,36,30,하늘왕국 왕궁 배경,루나,Luna,露娜,26,괜찮습니다. 하늘왕국에서 가장 안전한 곳에 있...,It's okay. It's in the safest place in Sky realm...,沒問題。它們會被安放在蒼空帝國中最安全的地方...,,
,36,31,하늘왕국 왕궁 배경,,,,0,루나 왕녀는 말을 하다 멈추곤 예전 일을 회상했다.,Princess Luna stopped talking and recalled the past.,露娜公主在說話時停了下來，回想起了過去的事情。,,
,36,32,하늘왕국 왕궁 배경,,,,0,그리고 헥토르를 바라보며 입을 열었다.,Then she looked at Hector and opened her mouth.,然後，她轉向赫克托爾，開口說道。,,
,36,33,하늘왕국 왕궁 배경,루나,Luna,露娜,26,더 이상 안전한 곳은 없죠. 헥토르 그곳으로 안내해주세요.,"There's no place safe anymore. Hector, please show them there.",再也沒有比那裡更安全的地方了。赫克托爾，請帶我們去那裡。,,
,36,34,하늘왕국 왕궁 배경,헥토르,Hector,赫克托爾,30,"네, 가시죠. 망자의 은신처로.","Yes, let's go to Deads' Refuge.",好的，我們走吧。前往亡者的藏身處。,,
,37,1,망자의 은신처 배경,헥토르,Hector,赫克托爾,30,이곳에 와도 유물은 쉽게 가져올 수 없을 겁니다.,"Even if he comes here, he won't be able to bring the artifacts easily.",即使來到這裡，遺物也不容易被拿到手。,,
,37,2,망자의 은신처 배경,누리,Nuri,諾莉,2,왜요?,Why?,為什麼呢？,,
,37,3,망자의 은신처 배경,헥토르,Hector,赫克托爾,30,드래곤 슬레이어를 봉인해야만 유물을 가져올 수 있으니까요.,He has to seal Dragon slayer to take the artifact.,只有封印屠龍者，才能將遺物帶出來。,,
,37,4,망자의 은신처 배경,누리,Nuri,諾莉,3,"그정도면 괘..괜찮아요, 그치 (주인공)?","That's fine, isn't it, (주인공)?",那樣的話應該沒問題吧……對吧(주인공)？,,
,37,5,망자의 은신처 배경,즈믄,Zimon,茲門,6,같은 테이머이면서 이럴 때만 (주인공) 찾네.,You're also a tamer but you're only trying to put it off to (주인공).,明明是同樣的屠龍者，偏偏這時候才找(주인공)啊。,,
,37,6,망자의 은신처 배경,누리,Nuri,諾莉,4,예쁜 얼굴에 상처라도 나면 네가 책임질거야?!,Are you going to take responsibility if I hurt my pretty face?!,如果那張漂亮的臉上有一絲傷痕，你打算負責嗎？！,,
,37,7,망자의 은신처 배경,즈믄,Zimon,茲門,7,책임질 정도의 얼굴은 아닌걸~,You don't look so pretty.,也不算責任重大到那種程度吧~,,
,37,8,망자의 은신처 배경,누리,Nuri,諾莉,4,뭐어?!,What did you say?!,什麼啊？！,,
,37,9,망자의 은신처 배경,,,,0,티격태격거리는 둘을 두고 드래곤 슬레이어를 봉인하기 위해 움직였다.,"I tried to seal Dragon slayer, over the two quarreling.",看著兩人你來我往的爭執，開始行動起來，準備封印屠龍者。,,
,38,1,망자의 은신처 배경,누리,Nuri,諾莉,3,유물을 찾았다!,We found the artifact!,找到了遺物！,,
,38,2,망자의 은신처 배경,즈믄,Zimon,茲門,6,고대 문자로 써져 있는데?,It's written in ancient letters.,是用古代文字寫的嗎？,,
,38,3,망자의 은신처 배경,베로니카,Veronica,貝羅尼卡,94,고대 문자라면 조금은 알고 있습니다만…,I know a little bit about ancient letters.But...,如果是古代文字的話，我稍微知道一些…,,
,38,4,망자의 은신처 배경,베로니카,Veronica,貝羅尼卡,97,너무 오래된 문자라 알아보기가 힘드네요.,it's hard to read because it's such an old text.,這是太久遠的文字，真的是很難辨認啊。,,
,38,5,망자의 은신처 배경,누리,Nuri,諾莉,2,고대 문자라면 넬슨이 알지도 몰라! 마을에 가서 넬슨에게 해독해달라고 하자!,"If it's an ancient letter, Nelson might know it! Let's go to village and ask Nelson to decipher it!",如果是古代文字的話，或許奈爾森知道！我們去村裡找奈爾森，讓他幫我們解讀吧！,,
,38,6,망자의 은신처 배경,헥토르,Hector,赫克托爾,32,왕녀님이 허락치 않으실겁니다.,The princess won't allow it.,公主殿下應該不會允許的吧。,,
,38,7,망자의 은신처 배경,즈믄,Zimon,茲門,6,그럼 가서 허락을 받으면 되겠네.,Then you can go get permission.,那我們去請她允許吧。,,
,38,8,망자의 은신처 배경,헥토르,Hector,赫克托爾,32,루나 왕녀님의 고집을 어떻게 꺽으실..!,How can we break Princess Luna's stubbornness?,怎麼可能打破露娜公主固執的心態呢！,,
,38,9,망자의 은신처 배경,즈믄,Zimon,茲門,7,이 일을 가장 잘 하는 사람에게 부탁하면 돼.,We can ask the person who does that best.,只要請最擅長處理這類事情的人來幫忙就行了。,,
,39,1,왕궁별채 배경,지부장,Ellis Finnell,艾莉絲·皮內爾,66,그런거라면 간단하군요.,That's simple.,如果是這樣的話，那就簡單多了。,,
,39,2,왕궁별채 배경,누리,Nuri,諾莉,3,역시 지부장님이세요! 그럼 빨리가셔서 왕녀님에게 얘기를..,I knew it! So you can go and tell the princess...,果然是支部長啊！那就趕快去跟公主殿下說吧…,,
,39,3,왕궁별채 배경,지부장,Ellis Finnell,艾莉絲·皮內爾,66,그럴 필요없습니다. 넬슨이란 사람을 데려오면 되요.,There is no need. You can bring in a man named Nelson.,不需要這麼做。只要把奈爾森帶來就行了。,,
,39,4,왕궁별채 배경,,,,0,어디선가 쿵쾅대는 소리가 들리더니 누군가 다급하게 달려오고 있었다.,I heard a thud somewhere and someone was running urgently.,忽然聽到一聲轟隆的巨響，隨後有個人急急忙忙地跑了過來。,,
,39,5,왕궁별채 배경,디트,Deet,迪特,74,허억..허억..대화중에 미안하지만 혹시 무지개 동산 쪽에 장치를 설치해뒀었어?,"Oh, my God. I'm sorry to interrupt this conversation, but did you install a device near Rainbow?",嘿…嘿…對不起打斷你們的對話，不過你們有在彩虹樂園那邊安裝裝置嗎？,,
,39,6,왕궁별채 배경,요셉,Joseph,約瑟,98,"네, 혹시 몰라서 설치해뒀었죠.","Yes, I did it just in case.",有的，免得有意外，我已經安裝好了。,,
,39,7,왕궁별채 배경,디트,Deet,迪特,74,그곳에서 신호가 잡혀오고 있어. 그것도 무척 강하게!,There's a signal coming from there. That's very strong!,從那裡傳來了信號，而且還是非常強烈的！,,
,39,8,왕궁별채 배경,지부장,Ellis Finnell,艾莉絲·皮內爾,66,제가 넬슨이란 자를 데려올테니 여러분은 무지개 동산을 부탁하죠.,I'll get a man named Nelson. Check what happened at the Rainbow.,我會去把奈爾森帶來，大家負責彩虹樂園的事情吧。,,
,40,1,무지개 동산 배경,,,,0,무지개 동산에는 검은로브의 사도가 있었다.,There was an apostle of black robes at Rainbow.,彩虹樂園上有黑袍人的使徒。,,BGM/dragon_theme_10sec.mp3
,40,2,무지개 동산 배경,요셉,Joseph,約瑟,100,검은로브의 사도!,Black robe!,黑袍人的使徒！,,
,40,3,무지개 동산 배경,검은로브,Black robe,黑袍,105,또 만났구나! 하지만 이미 늦었어. 부활은 이미 시작됐으니!,We met again! But it's too late. The resurrection has already begun!,又遇見了！不過已經太遲了。復活已經開始了！,,
,40,4,무지개 동산 배경,,,,0,검은로브의 주변으로 거대한 마법진이 형성되어 빛을 발하자 무지개 동산 호수의 물기둥이 솟아올랐다.,"A huge magic circle formed around the black robe and shone, and the water column of the lake rose.",黑袍人周圍形成了巨大的魔法陣，散發著光芒，隨後彩虹山的湖泊水柱猛地升起。,7,
,40,5,시즌6컷신8,,,,0,그리고 그곳에서 다이어울프와 차원이 다른 막강한 힘을 지닌 드래곤이 나타났다.,And there appeared a dragon that looked stronger than Dire wolf.,然後，在那裡，出現了擁有與恐狼不同層次的強大力量的巨龍。,,
,41,1,무지개 동산 배경,누리,Nuri,諾莉,5,너무 강해!,We can't hold it!,太強大了！,,BGM/dragon_theme_10sec.mp3
,41,2,무지개 동산 배경,즈믄,Zimon,茲門,8,일단 후퇴하는게 좋겠어!,We'd better retreat for now!,現在最好還是撤退好了！,,
,41,3,무지개 동산 배경,베로니카,Veronica,貝羅尼卡,97,"네, 아무래도 새롭게 나타난 드래곤에 대해 알아야 할 것 같네요.","Yes, I think we should find out about the new enemy.",是的，似乎有必要了解一下那隻新出現的巨龍。,,
,42,1,왕궁별채 배경,지부장,Ellis Finnell,艾莉絲·皮內爾,68,검은로브의 사도가 또 나타났나요?,Is there apostle of the black robe there?,黑袍人的使徒又出現了嗎？,,
,42,2,왕궁별채 배경,베로니카,Veronica,貝羅尼卡,97,"네, 그리고 또 다른 드래곤도 나타났고요..","Yeah, and another Dragon.",是的，還有另一隻龍也出現了…,,
,42,3,왕궁별채 배경,넬슨,Nelsen,內爾森,10,앞으로 그럼 두 마리가 더 나타나겠군요.,Then there will be two more.,那麼，接下來應該還會有兩隻龍出現了。,,
,42,4,왕궁별채 배경,누리,Nuri,諾莉,3,넬슨!,Nelson!,奈爾森！,,
,42,5,왕궁별채 배경,누리,Nuri,諾莉,2,근데 두 마리가 더 나타난다니 그게 무슨말이야?,Two more? What do you mean?,不過，兩隻龍再出現的意思是什麼？,,
,42,6,왕궁별채 배경,넬슨,Nelsen,內爾森,10,봉인된 문명은 4마리의 드래곤들이 부활할 때 다시 나타날 것이라고 유물에 써져있어.,It says on the artifect that the sealed civilization will reappear when the four dragons are resurrected.,遺物中寫著，封印的文明將在四隻龍復活時重新出現。,,
,42,7,왕궁별채 배경,넬슨,Nelsen,內爾森,10,그리고 고대 드래곤을 부활 시키는 방법에 대한 이야기도 써져있지..,And there's a way about how to resurrect an ancient dragon.,而且還有關於如何復活古代神龍的詳細方法也寫在其中。,,
,42,8,왕궁별채 배경,베로니카,Veronica,貝羅尼卡,94,마석에 대한 정보도 있나요?,Do you have any information about the mana stone?,有關魔石的資訊也有嗎？,,
,42,9,왕궁별채 배경,넬슨,Nelsen,內爾森,10,"아니요, 사제님. 더 이상의 정보는 없었어요.","No, priestess. I didn't have any more information.",不，祭司大人。沒有更多的資訊了。,,
,42,10,왕궁별채 배경,요셉,Joseph,約瑟,98,검은로브를 제압하면 마석에 대한 정보를 얻을 수 있지 않을까요?,Wouldn't we be able to get information about the mana stone if we subdued the black robe?,如果能制伏黑袍人，或許能從他那裡得到有關魔石的資訊吧？,,
,42,11,왕궁별채 배경,누리,Nuri,諾莉,5,지금 우리가 가진 힘으로는 고대 드래곤조차 막지 못하잖아요!,But we can't even stop the ancient dragon!,以我們現在擁有的力量，根本無法阻止古代神龍的復活啊！,,
,42,12,왕궁별채 배경,베로니카,Veronica,貝羅尼卡,94,빛의 축복을 받은 드래곤들이라면 고대 드래곤을 상대할 수 있을 겁니다.,"If you're a dragon blessed with light, you'll be able to defeat the ancient dragons.",如果是受到光之祝福的龍，應該能夠對抗古代神龍吧。,,
,42,13,왕궁별채 배경,누리,Nuri,諾莉,2,빛의 축복을 받은 드래곤?,Bless of Light?,受到光之祝福的龍？,,
,42,14,왕궁별채 배경,베로니카,Veronica,貝羅尼卡,94,저희 신성 바이델왕국에서는 매주의 시작마다 아모르님에게 기도를 올리고 의식을 치릅니다.,"At the beginning of each week, we pray to Amorru and hold a ceremony in Holy Videl Kingdom.",在我們的神聖拜德爾王國，每週的開始，我們都會向阿莫爾大人祈禱並舉行儀式。,,
,42,15,왕궁별채 배경,베로니카,Veronica,貝羅尼卡,94,이 의식을 빛의 축복이라 해요.,This ceremony is called the blessing of light.,這個儀式被稱為光之祝福。,,
,42,16,왕궁별채 배경,베로니카,Veronica,貝羅尼卡,94,마이아님이 계시를 받아 5마리의 드래곤에게 축복을 부여하는 것이죠.,Maia is giving blessings to five dragons with her revelation.,是瑪亞·奧大人領受啟示，將祝福賜予五隻龍。,,
,42,17,왕궁별채 배경,베로니카,Veronica,貝羅尼卡,94,축복을 받은 드래곤은 어떠한 악의 힘에도 영향을 받지 않아요.,Blessed dragons are not affected by any evil forces.,受到祝福的龍不會受到任何邪惡力量的影響。,,
,42,18,왕궁별채 배경,누리,Nuri,諾莉,2,그럼 매주마다 계시받는 드래곤이 바뀌나요?,Then does the dragons that are blessed change every week?,是的，每週都會有不同的龍接受啟示並獲得祝福。,,
,42,19,왕궁별채 배경,베로니카,Veronica,貝羅尼卡,94,"네, 마이아님이 매주 새로운 계시를 받으십니다.","Yes, Maia receives a new revelation every week.",是的，瑪亞·奧大人每週都會領受新的啟示。,,
,42,20,왕궁별채 배경,지부장,Ellis Finnell,艾莉絲·皮內爾,66,그렇군요. 그럼 빛의 축복을 받은 드래곤으로 싸워보죠.,I see. Let's fight the dragons blessed with light.,原來如此，那麼就讓我們以受到光之祝福的龍來戰鬥吧。,,
,42,21,왕궁별채 배경,넬슨,Nelsen,內爾森,10,그동안 나는 이 유물에 대한 해석을 모두 끝내놓을게!,"Then, I'll finish the interpretation of this artifact!",這段時間我已經完成了對這件文物的所有解讀！,,
,43,1,하늘왕국 왕궁 배경,,,,0,왕궁에 도착하니 지부장이 마중나와 있었고 함께 알현실로 들어갔다.,"When we arrived at the Royal Villa, the manager came out to meet us and entered the audience room together.",抵達王宮時，分部主任已經出來迎接，並一起進入了謁見室。,,
,43,2,하늘왕국 왕궁 배경,,,,0,루나 왕녀가 안도의 한숨을 쉬었다.,Princess Luna sighed with relief.,露娜公主鬆了一口氣。,,
,43,3,하늘왕국 왕궁 배경,루나,Luna,露娜,26,다행히 고대 드래곤을 제압하셨군요.,"Fortunately, you defeated the ancient dragon.",還好您制服了古代神龍。,,
,43,4,하늘왕국 왕궁 배경,루나,Luna,露娜,26,여러분들이 고대 드래곤을 상대하고 있을 때 유물에 대한 생각을 많이 했습니다.,"While you were defeating the ancient dragon, I thought about the artifact.",當你們對抗古代龍時，我一直在思考有關遺物的事情。,,
,43,5,하늘왕국 왕궁 배경,루나,Luna,露娜,26,생각 끝에 왕궁의 힘만으로는 유물을 지킬 수 없다는 결론에 이르렀어요.,"After thinking about it, I came to the conclusion that the power of Sky realm cannot protect the artifact.",經過深思熟慮，我得出了僅靠王宮的力量無法保護遺物的結論。,,
,43,6,하늘왕국 왕궁 배경,,,,0,루나 왕녀는 눈을 감고 잠시 숨을 들이마셨다가 내쉬며 말을 이어갔다.,"Princess Luna closed her eyes, breathed in for a while, and continued to speak.",露娜公主閉上眼睛，稍微深吸了一口氣，然後吐出，繼續說道。,,
,43,7,하늘왕국 왕궁 배경,루나,Luna,露娜,26,과거의 일이 다시 반복되지 않도록 여러분에게 부탁드립니다. 유물을 지켜주세요.,I ask you not to repeat what happened in the past. Please protect the artifact.,請你們幫忙避免過去的事情再次重演，請保護好遺物。,,
,43,8,하늘왕국 왕궁 배경,,,,0,모두들 자신의 귀를 의심하였다.,Everyone doubted their ears.,大家都懷疑自己是不是聽錯。,,
,43,9,하늘왕국 왕궁 배경,,,,0,차갑고 냉정했던 루나 왕녀가 부탁을 하다니...,"I can't believe the cold, hard-hearted Princess Luna asked us to...",冷酷且冷靜的露娜公主竟然會親自來請求…,,
,43,10,하늘왕국 왕궁 배경,루나,Luna,露娜,26,헥토르 그것을 내어오세요.,"Hector, bring it.",赫克托爾，拿出來吧。,,
,43,11,하늘왕국 왕궁 배경,헥토르,Hector,赫克托爾,33,"왕녀님, 다시 한번 생각을..","My princess, please reconsider.",公主，請您再三考慮…,,
,43,12,하늘왕국 왕궁 배경,루나,Luna,露娜,28,명령입니다! 가져오세요!,That's an order! Bring it!,這是命令！拿來！,,
,43,13,하늘왕국 왕궁 배경,헥토르,Hector,赫克托爾,33,"...네, 알겠습니다.",Yes princess.,…是的，我明白了。,,
,43,14,하늘왕국 왕궁 배경,,,,0,헥토르가 어떤 물건을 들고 왔다.,Hector brought something with him.,赫克托拿著某個東西走了過來。,,
,43,15,하늘왕국 왕궁 배경,루나,Luna,露娜,26,그것은 왕국에서 최고수호자에게만 주어지는 수호자의 방패입니다.,"This is the shield, which is only given to the highest guardian of  Sky realm.",那是只會授予王國最高守護者的守護者之盾。,,
,43,16,하늘왕국 왕궁 배경,루나,Luna,露娜,26,그것이라면 더이상 힘이 악용되는 역사의 반복이 일어나지 않게 막을 수 있을 거에요.,That would prevent the repetition of history where power is no longer abused.,如果是那個，就能防止歷史中力量被濫用的重演。,,
,43,17,하늘왕국 왕궁 배경,,,,0,그렇게 수호자의 방패를 얻게 되었다.,That's how I got the Guardian's shield.,就這樣得到了守護者之盾。,,
,43,18,하늘왕국 왕궁 배경,,,,0,...,...,...,11,
,43,19,까만 배경,,,,0,...,...,...,,stop
,43,20,까만 배경,,,,0,어둡고 으슥한 동굴 속 어딘가…,"Somewhere in a dark, dark cave...",在陰暗而偏僻的洞穴深處…,,
,43,21,까만 배경,검은로브,Black robe,黑袍,105,이제 남은 유물을 찾아 고대드래곤을 부활시키면 그곳을 찾을 수 있을 것입니다.,"Now, if we find the remains and resurrect the ancient dragon, we will find it.",現在只要找到剩餘的文物，復活古代龍，就能找到那個地方。,,BGM/dream_vestige.mp3
,43,22,까만 배경,검은로브의 수장,Master black robe,Master 黑袍,106,빛의 사제들이 방해를 하는군.,The Priests of Light are interfering with us.,光之祭司們在阻撓啊。,,
,43,23,까만 배경,검은로브,Black robe,黑袍,105,괜찮습니다. 어차피 그곳을 찾아내는건 시간문제일 뿐이니까요.,You don't have to care. It's only a matter of time before we find it anyway.,沒關係，反正找出那個地方只是個小事。,,
,43,24,까만 배경,검은로브의 수장,Master black robe,Master 黑袍,106,"그래, 그것을 손에 넣기만 한다면 우리의 사명이 곧 이루어질 것이다. 크크크큭","Yes. If we get hold of it, our long-cherished desire will soon come true. ",對，只要把它握在手中，我們的使命很快就會實現的。呵呵呵呵。,,